t,theta,theta_dot,torque,reward
0,-1.921658992767334,-1.3026914596557617,2.0,-3.5312318374588214
1,-2.0063045024871826,-1.6929128170013428,2.0,-3.8664737445127746
2,-2.109269857406616,-2.059304714202881,2.0,-4.3158535858541285
3,-2.2290518283843994,-2.3956377506256104,1.9643926620483398,-4.876951758649961
4,-2.3651986122131348,-2.7229387760162354,1.6941901445388794,-5.5454500249959695
5,-2.516631841659546,-3.028661012649536,1.3953369855880737,-6.337551425787717
6,-2.6815497875213623,-3.2983591556549072,1.0688350200653076,-7.251856578636657
7,-2.857410430908203,-3.5172131061553955,0.7165078520774841,-8.279139431730583
8,-3.0410075187683105,-3.6719446182250977,0.34228143095970154,-9.40198983503047
9,3.0545382499694824,-3.752789258956909,-0.04692763835191727,-10.596047157818992
10,2.8667802810668945,-3.7551584243774414,-0.44182196259498596,-10.738741901783444
11,2.682750940322876,-3.6805872917175293,-0.8325538635253906,-9.629244089252476
12,2.50592303276062,-3.536559820175171,-1.2100757360458374,-8.553289308278192
13,2.3391687870025635,-3.335085153579712,-1.566045880317688,-7.532828027384737
14,2.1846468448638916,-3.090437889099121,-1.892328143119812,-6.587570488451515
15,2.045165777206421,-2.7896223068237305,-2.0,-5.731762414710679
16,1.9233766794204712,-2.4357802867889404,-2.0,-4.96490208761034
17,1.8210769891738892,-2.0459940433502197,-2.0,-4.2966805199779206
18,1.739382266998291,-1.633894443511963,-2.0,-3.738930597031129
19,1.678916573524475,-1.2093145847320557,-2.0,-3.2964118215104667
20,1.639986276626587,-0.7786064147949219,-2.0,-2.9690049558184106
21,1.6227179765701294,-0.3453650176525116,-2.0,-2.7541776366071815
22,1.6271501779556274,0.08864446729421616,-2.0,-2.649141344558888
23,1.6532740592956543,0.5224776864051819,-2.0,-2.65240356973604
24,1.701022982597351,0.9549791216850281,-2.0,-2.7646135026013
25,1.770210862159729,1.3837555646896362,-2.0,-2.9886779190155774
26,1.8604203462600708,1.8041898012161255,-2.0,-3.3291242872356452
27,1.9708491563796997,2.208578109741211,-2.0,-3.7906738354666363
28,2.100126266479492,2.585542678833008,-2.0,-4.37602833541335
29,2.2472074031829834,2.9416189193725586,-1.8555715084075928,-5.0824769762170945
30,2.411069869995117,3.2772514820098877,-1.5835906267166138,-5.917760681378232
31,2.589808225631714,3.574768304824829,-1.2861239910125732,-6.8889497351243225
32,2.780545711517334,3.8147499561309814,-0.9687386751174927,-7.985942224476143
33,2.9794962406158447,3.9790103435516357,-0.6358745098114014,-9.187071007488122
34,-3.100977897644043,4.054219722747803,-0.2894035279750824,-10.460734389461292
35,-2.899231433868408,4.03493070602417,0.07036406546831131,-11.259739288965033
36,-2.702988862991333,3.9248509407043457,0.4421120285987854,-10.033805214070838
37,-2.5161941051483154,3.735896110534668,0.8212130069732666,-8.847269008430104
38,-2.3419227600097656,3.485426425933838,1.1987625360488892,-7.7283619262271195
39,-2.1822872161865234,3.1927101612091064,1.5624758005142212,-6.7018635621992
40,-2.0384979248046875,2.8757872581481934,1.8992661237716675,-5.785324930616316
41,-1.9125118255615234,2.519721269607544,2.0,-4.986489089340653
42,-1.8061509132385254,2.127218008041382,2.0,-4.296601184096592
43,-1.720526933670044,1.7124807834625244,2.0,-3.718686997505185
44,-1.6562416553497314,1.285704493522644,2.0,-3.2574719480800747
45,-1.613572359085083,0.8533859848976135,2.0,-2.912440170106624
46,-1.59261953830719,0.41905832290649414,2.0,-2.680442649202336
47,-1.5934078693389893,-0.015766676515340805,2.0,-2.5579978084262414
48,-1.6159367561340332,-0.4505787789821625,2.0,-2.5429733338123914
49,-1.660178303718567,-0.8848300576210022,2.0,-2.63555372928214
50,-1.7260230779647827,-1.3168960809707642,2.0,-2.8384842865480517
51,-1.8131760358810425,-1.7430588006973267,2.0,-3.156577127689414
52,-1.9210046529769897,-2.1565744876861572,2.0,-3.595432591283336
53,-2.0483527183532715,-2.5469608306884766,2.0,-4.159340443894991
54,-2.194377899169922,-2.9205033779144287,1.8615070581436157,-4.8479151673199175
55,-2.3584001064300537,-3.2804434299468994,1.5781818628311157,-5.670719182769943
56,-2.5388617515563965,-3.6092324256896973,1.2652465105056763,-6.639782776185323
57,-2.733229398727417,-3.88735294342041,0.9236452579498291,-7.749327744837208
58,-2.938020706176758,-4.095824718475342,0.556016206741333,-8.982003114877815
59,3.1342062950134277,-4.219168663024902,0.16833357512950897,-10.309571256309017
60,2.9217936992645264,-4.248250484466553,-0.23007163405418396,-11.603440413431247
61,2.7126786708831787,-4.182299613952637,-0.6286906003952026,-10.342037248649833
62,2.51121187210083,-4.029337406158447,-1.0180803537368774,-9.108825607913964
63,2.320984125137329,-3.8045530319213867,-1.3897544145584106,-7.9316726406408
64,2.1446313858032227,-3.527057647705078,-1.734678030014038,-6.83743940831018
65,1.9841420650482178,-3.2097859382629395,-2.0,-5.847457243774578
66,1.8423078060150146,-2.836686134338379,-2.0,-4.971092371200508
67,1.7208771705627441,-2.4286117553710938,-2.0,-4.202776728684491
68,1.6207834482192993,-2.0018739700317383,-2.0,-3.5552337112361956
69,1.5423939228057861,-1.5677919387817383,-2.0,-3.0316889551848574
70,1.4857394695281982,-1.13308846950531,-2.0,-2.6287760126287343
71,1.45070219039917,-0.7007455825805664,-2.0,-2.339810640319171
72,1.437150239944458,-0.27103951573371887,-2.0,-2.157641215503082
73,1.4450205564498901,0.15740624070167542,-2.0,-2.0767469187019088
74,1.4743504524230957,0.5866001844406128,-2.0,-2.0945619318491553
75,1.5252597332000732,1.0181844234466553,-2.0,-2.212119422612744
76,1.5978808403015137,1.4524224996566772,-2.0,-2.4340872247890903
77,1.6922385692596436,1.887152910232544,-2.0,-2.76817638112487
78,1.8080755472183228,2.316739559173584,-2.0,-3.2238058177566224
79,1.9446327686309814,2.7311458587646484,-2.0,-3.809865265374354
80,2.1010310649871826,3.127965211868286,-1.9161101579666138,-4.531183881207755
81,2.276648759841919,3.5123562812805176,-1.6645660400390625,-5.395518810346203
82,2.469864845275879,3.86431884765625,-1.3827707767486572,-6.418706656680336
83,2.6778736114501953,4.160176753997803,-1.0770777463912964,-7.594688160640769
84,2.8966684341430664,4.375897407531738,-0.753521740436554,-8.902281856215426
85,3.121262311935425,4.491874694824219,-0.41498368978500366,-10.305708220461895
86,-2.937042474746704,4.497611999511719,-0.0613633431494236,-11.759975263753562
87,-2.717320442199707,4.394442558288574,0.3075268566608429,-10.649164492395753
88,-2.5075604915618896,4.19519567489624,0.6888085007667542,-9.31541714063773
89,-2.3115124702453613,3.9209601879119873,1.0745136737823486,-8.048981288336673
90,-2.1316990852355957,3.5962696075439453,1.4515254497528076,-6.882590156875385
91,-1.9694732427597046,3.2445170879364014,1.804180383682251,-5.84071162882532
92,-1.8261152505874634,2.867159128189087,2.0,-4.935513862930551
93,-1.7033159732818604,2.4559857845306396,2.0,-4.160757120192546
94,-1.6019444465637207,2.0274300575256348,2.0,-3.508471957581245
95,-1.5223051309585571,1.5927866697311401,2.0,-2.981273433904873
96,-1.4643726348876953,1.1586506366729736,2.0,-2.5751099248095883
97,-1.427982211112976,0.727808952331543,2.0,-2.2826343239227627
98,-1.412967562675476,0.3002917170524597,2.0,-2.096103707562524
99,-1.4192461967468262,-0.12557287514209747,2.0,-2.009494946527927
100,-1.4468536376953125,-0.5521485209465027,2.0,-2.019836752554018
101,-1.4959291219711304,-0.9815102815628052,2.0,-2.127872331028315
102,-1.566651701927185,-1.4144513607025146,2.0,-2.3381403527101003
103,-1.6591240167617798,-1.8494449853897095,2.0,-2.6584649633814865
104,-1.7732030153274536,-2.2815797328948975,2.0,-3.098737144117705
105,-1.908281683921814,-2.70157527923584,2.0,-3.668809451940612
106,-2.063567638397217,-3.105717420578003,1.9293115139007568,-4.375112309273124
107,-2.238755464553833,-3.5037589073181152,1.6634124517440796,-5.225626225942687
108,-2.432551622390747,-3.875920534133911,1.3658515214920044,-6.241524717637942
109,-2.6424973011016846,-4.198915481567383,1.0371209383010864,-7.420658743963476
110,-2.8649396896362305,-4.448849678039551,0.67906653881073,-8.746342428744786
111,-3.0951921939849854,-4.605044841766357,0.29706910252571106,-10.187194633833357
112,2.955291509628296,-4.654032230377197,-0.09930127114057541,-11.700867827419653
113,2.7256572246551514,-4.592689037322998,-0.4986467957496643,-10.899998905743075
114,2.5041892528533936,-4.429360389709473,-0.890967845916748,-9.5392799267332
115,2.2950825691223145,-4.182131767272949,-1.267852544784546,-8.234494064163597
116,2.101350784301758,-3.8746368885040283,-1.6199990510940552,-7.019050990370499
117,1.9247946739196777,-3.5311195850372314,-1.9362653493881226,-5.920705016328965
118,1.7677100896835327,-3.1416938304901123,-2.0,-4.9557152958254385
119,1.6316651105880737,-2.720897674560547,-2.0,-4.115822812536987
120,1.5173022747039795,-2.2872588634490967,-2.0,-3.4066596053570635
121,1.424636721611023,-1.853310227394104,-2.0,-2.829361320288955
122,1.3533293008804321,-1.4261469841003418,-2.0,-2.3770656268743178
123,1.3029063940048218,-1.0084583759307861,-2.0,-2.038889878134512
124,1.2729226350784302,-0.5996747016906738,-2.0,-1.8032640122519865
125,1.2630705833435059,-0.19704210758209229,-2.0,-1.6602931705484496
126,1.2732421159744263,0.20343118906021118,-2.0,-1.603229881135966
127,1.303548812866211,0.6061326265335083,-2.0,-1.6292840017668553
128,1.354300856590271,1.0150412321090698,-2.0,-1.7399791130366598
129,1.4259450435638428,1.4328835010528564,-2.0,-1.9411616384271206
130,1.5189542770385742,1.8601861000061035,-2.0,-2.242634723450923
131,1.6336642503738403,2.294198751449585,-2.0,-2.657251505380487
132,1.7700515985488892,2.7277467250823975,-2.0,-3.199193684912044
133,1.9275153875350952,3.149275064468384,-1.9928600788116455,-3.88111433172462
134,2.106092929840088,3.5715508460998535,-1.7763621807098389,-4.710264276982469
135,2.3048534393310547,3.975210428237915,-1.523511528968811,-5.71354585705887
136,2.5216000080108643,4.334934234619141,-1.2399080991744995,-6.894116324409312
137,2.7527010440826416,4.6220173835754395,-0.9331545233726501,-8.2385034213944
138,2.9931702613830566,4.809383392333984,-0.6087934970855713,-9.714037893458478
139,-3.0461227893829346,4.877848148345947,-0.26817068457603455,-11.272156230019288
140,-2.8050613403320312,4.821226119995117,0.0896124318242073,-11.658212039180222
141,-2.57265567779541,4.6481170654296875,0.46399080753326416,-10.19300711906103
142,-2.3536744117736816,4.3796234130859375,0.8498534560203552,-8.779778082937959
143,-2.1514761447906494,4.043964385986328,1.2358165979385376,-7.459420579420125
144,-1.96796452999115,3.6702330112457275,1.6052992343902588,-6.266791573598914
145,-1.8037863969802856,3.2835638523101807,1.9407892227172852,-5.2237122859958305
146,-1.6603652238845825,2.8684232234954834,2.0,-4.335824441744213
147,-1.5385468006134033,2.4363696575164795,2.0,-3.583597851501808
148,-1.4384591579437256,2.001751661300659,2.0,-2.9647157469741203
149,-1.3598002195358276,1.5731784105300903,2.0,-2.473865750947312
150,-1.3020763397216797,1.154478669166565,2.0,-2.1005457202798135
151,-1.264783501625061,0.7458567023277283,2.0,-1.8326848022490727
152,-1.2475333213806152,0.3450030982494354,2.0,-1.6593074457829262
153,-1.2501296997070312,-0.05192678049206734,2.0,-1.5722420825623917
154,-1.2726026773452759,-0.449460506439209,2.0,-1.5670937868486983
155,-1.3152039051055908,-0.8520240187644958,2.0,-1.6437190525364953
156,-1.3783612251281738,-1.2631466388702393,2.0,-1.8063557446019955
157,-1.462590217590332,-1.684579610824585,2.0,-2.0634335608903704
158,-1.5683542490005493,-2.115280866622925,2.0,-2.4269508863292435
159,-1.6958681344985962,-2.550278663635254,2.0,-2.9111763017953085
160,-1.8448450565338135,-2.97953724861145,2.0,-3.530360953746829
161,-2.015153646469116,-3.40617299079895,1.8729095458984375,-4.29472527023323
162,-2.2065303325653076,-3.8275318145751953,1.6150888204574585,-5.223654319943838
163,-2.4175524711608887,-4.220445156097412,1.3232935667037964,-6.335526819311156
164,-2.6454343795776367,-4.5576372146606445,0.997896671295166,-7.626771814365975
165,-2.886002779006958,-4.811367034912109,0.6411145329475403,-9.07593955418308
166,-3.133915662765503,-4.958259105682373,0.25951847434043884,-10.64400429591419
167,2.9000566005706787,-4.984261512756348,-0.13573093712329865,-12.279879274003083
168,2.655641794204712,-4.888297080993652,-0.5322907567024231,-10.894897444816039
169,2.4214890003204346,-4.683054447174072,-0.9202587604522705,-9.442824536152362
170,2.2018866539001465,-4.392045021057129,-1.2913035154342651,-8.058376315536394
171,1.9996919631958008,-4.043895244598389,-1.6351878643035889,-6.779984967576108
172,1.8163743019104004,-3.666353702545166,-1.9392404556274414,-5.637837659177587
173,1.6537039279937744,-3.253406047821045,-2.0,-4.647430487487025
174,1.5126574039459229,-2.8209304809570312,-2.0,-3.797201882648868
175,1.393298864364624,-2.3871724605560303,-2.0,-3.087897496340916
176,1.2951128482818604,-1.9637203216552734,-2.0,-2.515140844164704
177,1.2172890901565552,-1.5564743280410767,-2.0,-2.066936932525389
178,1.1589429378509521,-1.1669236421585083,-2.0,-1.728053978313508
179,1.1192736625671387,-0.7933839559555054,-2.0,-1.4833197412147414
180,1.0976715087890625,-0.4320428669452667,-2.0,-1.3197194579464484
181,1.0937824249267578,-0.07778353244066238,-2.0,-1.2275489814264293
182,1.1075408458709717,0.2751683294773102,-2.0,-1.2009649527851862
183,1.1391758918762207,0.6327011585235596,-2.0,-1.2382184066219581
184,1.1891905069351196,1.0002936124801636,-2.0,-1.3417527295583014
185,1.2583117485046387,1.3824234008789062,-2.0,-1.5182328798876887
186,1.3474031686782837,1.7818293571472168,-2.0,-1.7784578327277853
187,1.4573314189910889,2.1985654830932617,-2.0,-2.1369869263279897
188,1.588773488998413,2.6288392543792725,-2.0,-2.611184063580258
189,1.7419594526290894,3.063720703125,-2.0,-3.219280664243143
190,1.9172782897949219,3.5063772201538086,-1.8773534297943115,-3.9765856217607185
191,2.114673614501953,3.9479079246520996,-1.6652703285217285,-4.908197472949498
192,2.3329074382781982,4.364675998687744,-1.4145196676254272,-6.032443638609348
193,2.569232940673828,4.7265095710754395,-1.1323384046554565,-7.348779402723258
194,2.819260597229004,5.000552177429199,-0.8269731998443604,-8.835631342689496
195,3.0771560668945312,5.157907485961914,-0.5031831860542297,-10.449035752859967
196,-2.9469776153564453,5.181033611297607,-0.16134662926197052,-12.129315950473792
197,-2.693538188934326,5.068790912628174,0.19931893050670624,-11.369027909995816
198,-2.4516921043395996,4.836918830871582,0.5769304037094116,-9.824744285078895
199,-2.2260067462921143,4.513708591461182,0.9639221429824829,-8.351301925025822
200,-0.2128448784351349,0.4778747856616974,1.1205805540084839,-0.08054964898036814
201,-0.18890532851219177,0.478791207075119,1.041192650794983,-0.06922345792612807
202,-0.16466020047664642,0.4849025309085846,0.960882842540741,-0.05953262117232516
203,-0.13984732329845428,0.49625757336616516,0.8788940906524658,-0.05139848355592194
204,-0.11419884115457535,0.512969434261322,0.7944328784942627,-0.04481555354195678
205,-0.08743800967931747,0.535216748714447,0.7066744565963745,-0.03985452933961335
206,-0.05927565321326256,0.5632472038269043,0.6147703528404236,-0.0366690462191786
207,-0.029406441375613213,0.5973841547966003,0.5178601741790771,-0.035506525977223605
208,0.0024954003747552633,0.638036847114563,0.4150886535644531,-0.03672382109111463
209,0.036781180649995804,0.6857156157493591,0.30563122034072876,-0.040808738397027845
210,0.07383384555578232,0.7410532832145691,0.18873058259487152,-0.048409068564563444
211,0.11407554894685745,0.8048339486122131,0.06374722719192505,-0.060371500215333
212,0.1579771488904953,0.8780319094657898,-0.06977255642414093,-0.07779387030285578
213,0.206070214509964,0.9618614315986633,-0.21200841665267944,-0.10209572268697892
214,0.2589622437953949,1.05784010887146,-0.36275479197502136,-0.13511426839172924
215,0.3173554241657257,1.167864203453064,-0.5212857723236084,-0.17923574725021
216,0.3820701837539673,1.294295072555542,-0.6861979365348816,-0.23757602885211365
217,0.45407262444496155,1.4400484561920166,-0.8552376627922058,-0.3142290388693977
218,0.5345062017440796,1.6086719036102295,-1.0251258611679077,-0.4146067728895865
219,0.624725341796875,1.804382562637329,-1.1914023160934448,-0.5458988726466304
220,0.7263261675834656,2.0320165157318115,-1.3483248949050903,-0.7176793471607054
221,0.841167151927948,2.2968204021453857,-1.4888650178909302,-0.9426755295043302
222,0.9713660478591919,2.603977918624878,-1.6048498153686523,-1.2376762062004074
223,1.119253158569336,2.9577414989471436,-1.6872960329055786,-1.6244691371717974
224,1.2872545719146729,3.360028028488159,-1.7269861698150635,-2.1305336233295886
225,1.4776734113693237,3.8083760738372803,-1.7153602838516235,-2.788945653323817
226,1.6923390626907349,4.293313503265381,-1.6458534002304077,-3.6366001409136084
227,1.9321153163909912,4.795524597167969,-1.515775442123413,-4.709562904680197
228,2.196305990219116,5.283813953399658,-1.3283532857894897,-6.034539713053279
229,2.482090473175049,5.715689182281494,-1.0930876731872559,-7.616823591340932
230,2.784229040145874,6.042771339416504,-0.8217995166778564,-9.428358718627303
231,3.095303535461426,6.221492290496826,-0.5225743055343628,-11.403712550905894
232,-2.8765957355499268,6.225719451904297,-0.19855517148971558,-13.451640386972809
233,-2.573821783065796,6.05548095703125,0.14841824769973755,-12.15078314810946
234,-2.286954402923584,5.737343788146973,0.5140823125839233,-10.291707299640976
235,-2.0211524963378906,5.316042423248291,0.8875576257705688,-8.522660247680532
236,-1.7790690660476685,4.841666221618652,1.2489219903945923,-6.912647579409943
237,-1.5611432790756226,4.358514785766602,1.5730987787246704,-5.511734464658519
238,-1.3661836385726929,3.8991947174072266,1.8376394510269165,-4.340210417210479
239,-1.1922072172164917,3.479527235031128,2.0,-3.390829625527752
240,-1.0373785495758057,3.096574544906616,2.0,-2.636068978227634
241,-0.8991942405700684,2.7636849880218506,2.0,-2.039031600659442
242,-0.7747788429260254,2.4883081912994385,2.0,-1.576345820464856
243,-0.6610721945762634,2.2741329669952393,2.0,-1.2234499873733897
244,-0.5551609992980957,2.1182239055633545,1.9690272808074951,-0.9580615841969056
245,-0.4551399052143097,2.0004215240478516,1.7973434925079346,-0.7601214085130412
246,-0.35931599140167236,1.916478157043457,1.594359040260315,-0.6098629489748569
247,-0.26617035269737244,1.862912893295288,1.365904688835144,-0.4982625580261487
248,-0.17431452870368958,1.8371167182922363,1.1169145107269287,-0.419138607554908
249,-0.08244399726390839,1.8374106884002686,0.8517819046974182,-0.3686108657259695
250,0.010710635222494602,1.8630926609039307,0.5747313499450684,-0.3447351238134896
251,0.10643503814935684,1.9144879579544067,0.2901545763015747,-0.34731033004598966
252,0.2060851752758026,1.993003010749817,0.002885478548705578,-0.3778548567566878
253,0.31114351749420166,2.1011667251586914,-0.28159239888191223,-0.43975647566675213
254,0.42327526211738586,2.2426347732543945,-0.5570020079612732,-0.5386107256667938
255,0.5443806052207947,2.4221062660217285,-0.8161926865577698,-0.682769230512216
256,0.6766347289085388,2.645083427429199,-1.0511397123336792,-0.8841150407503053
257,0.822502851486206,2.9173619747161865,-1.253055453300476,-1.1590513133929978
258,0.9847082495689392,3.2441086769104004,-1.4126580953598022,-1.5296066314797396
259,1.1661256551742554,3.6283483505249023,-1.5206458568572998,-2.02438695536178
260,1.3695614337921143,4.068715572357178,-1.5684555768966675,-2.6788003783166987
261,1.5973846912384033,4.556464672088623,-1.54945969581604,-3.533544169425549
262,1.8509889841079712,5.072086334228516,-1.4607906341552734,-4.629908940503666
263,2.1301183700561523,5.582586288452148,-1.3055778741836548,-6.000470947287757
264,2.4321937561035156,6.041508674621582,-1.0938323736190796,-7.655127584217981
265,2.751915693283081,6.394439220428467,-0.8388780951499939,-9.566252719028437
266,3.0814671516418457,6.5910258293151855,-0.5508813858032227,-11.662229290412366
267,-2.8717217445373535,6.599931240081787,-0.23506928980350494,-13.839656851697445
268,-2.5507359504699707,6.419713020324707,0.10491852462291718,-12.602705861696037
269,-2.246746301651001,6.079796314239502,0.46354591846466064,-10.627740656093875
270,-1.9652109146118164,5.6307053565979,0.8286131024360657,-8.744947675719345
271,-1.7087669372558594,5.128880500793457,1.178285837173462,-7.033926734676652
272,-1.4775828123092651,4.623682498931885,1.4854507446289062,-5.552632340563445
273,-1.2700438499450684,4.1507792472839355,1.7260407209396362,-4.32407419285053
274,-1.083469033241272,3.7314975261688232,1.8848450183868408,-3.339460989870367
275,-0.9146921634674072,3.3755366802215576,1.9565062522888184,-2.5701402913741767
276,-0.7604599595069885,3.084643840789795,1.9433517456054688,-1.9798630719916384
277,-0.6176645159721375,2.8559086322784424,1.85244619846344,-1.5332336773080035
278,-0.48345300555229187,2.684230327606201,1.6932283639907837,-1.1999978585429192
279,-0.35525357723236084,2.56398868560791,1.4761016368865967,-0.9564148875492314
280,-0.2307479977607727,2.4901113510131836,1.2118415832519531,-0.7850774484698683
281,-0.10781098157167435,2.458740472793579,0.9115195274353027,-0.6741409138801132
282,0.015571298077702522,2.4676456451416016,0.5866184234619141,-0.6165077864862603
283,0.14139395952224731,2.516453266143799,0.24908874928951263,-0.609231969154765
284,0.27172979712486267,2.6067168712615967,-0.08876748383045197,-0.6532538576223428
285,0.40882015228271484,2.741806983947754,-0.4145505130290985,-0.7535061923759918
286,0.5551493167877197,2.9265830516815186,-0.7160415649414062,-0.9193971329326617
287,0.7134875655174255,3.1667652130126953,-0.9814287424087524,-1.1656427458644048
288,0.8868815302848816,3.4678797721862793,-1.1994950771331787,-1.5133435079877406
289,1.0785616636276245,3.833601951599121,-1.3598673343658447,-1.9910271966506468
290,1.2917276620864868,4.263320446014404,-1.4534776210784912,-2.6350583121569704
291,1.5291709899902344,4.748865604400635,-1.4734632968902588,-3.488321623449134
292,1.7927064895629883,5.2707109451293945,-1.4167853593826294,-4.595543517881169
293,2.082442283630371,5.794717311859131,-1.2864729166030884,-5.993491196269179
294,2.3960256576538086,6.27166748046875,-1.0928367376327515,-7.69563510036208
295,2.728163003921509,6.642745018005371,-0.8502525687217712,-9.67504330683726
296,3.0707859992980957,6.852458953857422,-0.5704934000968933,-11.855804702050921
297,-2.8691303730010986,6.86538028717041,-0.26052185893058777,-14.125413403298207
298,-2.5351924896240234,6.678758144378662,0.07446309924125671,-12.945259092473798
299,-2.2189903259277344,6.324043273925781,0.42780742049217224,-10.88796516205354
300,-1.9261881113052368,5.856043338775635,0.7861599922180176,-8.92388833258183
301,-1.659393548965454,5.335892200469971,1.126127004623413,-7.140793194814906
302,-1.4185614585876465,4.8166399002075195,1.4190996885299683,-5.602775378746831
303,-1.2017549276351929,4.336130619049072,1.6399331092834473,-4.335008296877511
304,-1.0059291124343872,3.9165172576904297,1.7726784944534302,-3.3275602613511204
305,-0.8275585174560547,3.5674121379852295,1.8114655017852783,-2.549085552879639
306,-0.6630582213401794,3.2900054454803467,1.7583999633789062,-1.9605880596390126
307,-0.5090221166610718,3.0807228088378906,1.6208795309066772,-1.5246870027330615
308,-0.36232298612594604,2.9339818954467773,1.4096136093139648,-1.2101757819962582
309,-0.22011798620224,2.844099998474121,1.137579083442688,-0.9933970774475152
310,-0.07979007065296173,2.806558132171631,0.819610595703125,-0.8580142065764393
311,0.06114956736564636,2.8187930583953857,0.47212135791778564,-0.7942662736973863
312,0.2051793336868286,2.8805954456329346,0.11257015913724899,-0.7983113112860387
313,0.35488614439964294,2.994136333465576,-0.24140043556690216,-0.8719398226147259
314,0.5130662322044373,3.1636006832122803,-0.5729069709777832,-1.022757592215571
315,0.6827859878540039,3.3943960666656494,-0.8665341138839722,-1.2648247063406837
316,0.867378294467926,3.6918463706970215,-1.1086868047714233,-1.6196183043663974
317,1.0703394412994385,4.0592241287231445,-1.2877305746078491,-2.116976268538657
318,1.2950870990753174,4.49495267868042,-1.3942227363586426,-2.7953004518797226
319,1.544534683227539,4.988949775695801,-1.4216245412826538,-3.6997317132757783
320,1.8204604387283325,5.51851749420166,-1.3678598403930664,-4.876420325133653
321,2.122715473175049,6.045101165771484,-1.2375205755233765,-6.361011361417175
322,2.4484446048736572,6.514582633972168,-1.0425680875778198,-8.161332885972172
323,2.7916698455810547,6.864503860473633,-0.7981051206588745,-10.2394973732999
324,-3.1395602226257324,7.03910493850708,-0.5158366560935974,-12.505828524292596
325,-2.789203643798828,7.007129192352295,-0.20321308076381683,-14.811779354793398
326,-2.4505298137664795,6.773476600646973,0.13350559771060944,-12.68966111988185
327,-2.13163423538208,6.377910614013672,0.4859423339366913,-10.593331165746092
328,-1.8375768661499023,5.881148815155029,0.8376211524009705,-8.612341159480927
329,-1.5702530145645142,5.346477508544922,1.162185788154602,-6.836830684588679
330,-1.3289527893066406,4.826004505157471,1.4301797151565552,-5.326222219581082
331,-1.1112006902694702,4.355040550231934,1.6176396608352661,-4.097764358761995
332,-0.9135558009147644,3.952899217605591,1.7105934619903564,-3.1343310366240376
333,-0.73221755027771,3.626765012741089,1.7050098180770874,-2.4000323575817997
334,-0.5634132027626038,3.3760859966278076,1.6045562028884888,-1.8540595358692116
335,-0.403598815202713,3.1962883472442627,1.4183169603347778,-1.459241699613633
336,-0.24952204525470734,3.0815351009368896,1.1593571901321411,-1.185862040939921
337,-0.09819016605615616,3.0266377925872803,0.844028651714325,-1.0125594474953858
338,0.05322481691837311,3.028299570083618,0.49143752455711365,-0.9259364553160087
339,0.20751367509365082,3.0857770442962646,0.12250497192144394,-0.9199077175875271
340,0.36756283044815063,3.2009830474853516,-0.2414947897195816,-0.9953222680473158
341,0.5364639163017273,3.3780224323272705,-0.5805145502090454,-1.1600687235737288
342,0.7175714373588562,3.622150421142578,-0.8768690824508667,-1.4296659966727692
343,0.9144763946533203,3.938098430633545,-1.115709900856018,-1.8281510125924496
344,1.1308581829071045,4.327635765075684,-1.285075068473816,-2.388780313188746
345,1.3701704740524292,4.786244869232178,-1.3760180473327637,-3.1535768031711493
346,1.635120153427124,5.298995494842529,-1.3833792209625244,-4.170094776199583
347,1.9269373416900635,5.836343288421631,-1.3075484037399292,-5.483262989796952
348,2.244525194168091,6.351755142211914,-1.1564419269561768,-7.1207150477566445
349,2.583749294281006,6.784482479095459,-0.9445033073425293,-9.073264282215103
350,2.9372777938842773,7.070572376251221,-0.6865875720977783,-11.279151914136632
351,-2.987870216369629,7.160744667053223,-0.39304229617118835,-13.627055138128238
352,-2.6359946727752686,7.03751277923584,-0.07126984745264053,-14.055000128851882
353,-2.299881935119629,6.722254753112793,0.27149879932403564,-11.901199750251955
354,-1.9864996671676636,6.267642498016357,0.6235934495925903,-9.808715938151181
355,-1.6995137929916382,5.739719867706299,0.9631949663162231,-7.875442958508244
356,-1.4395180940628052,5.1999125480651855,1.2607510089874268,-6.18437468347804
357,-1.2047975063323975,4.694410800933838,1.4878239631652832,-4.7783352616925665
358,-0.9922110438346863,4.251729965209961,1.6242533922195435,-3.657924601566375
359,-0.7979398965835571,3.885423183441162,1.660415530204773,-2.7949607095338362
360,-0.6180090308189392,3.5986175537109375,1.5959663391113281,-2.1489065450039786
361,-0.448589563369751,3.3883888721466064,1.4376026391983032,-1.6790066428044574
362,-0.2861281633377075,3.2492282390594482,1.1973686218261719,-1.3507842420075686
363,-0.12735086679458618,3.1755459308624268,0.8917599320411682,-1.1384130282121452
364,0.03081699088215828,3.1633567810058594,0.5410732626914978,-1.024920227426202
365,0.19137927889823914,3.2112457752227783,0.16827915608882904,-1.0016606891790831
366,0.35741060972213745,3.320626735687256,-0.20283709466457367,-1.0678770444862693
367,0.5321754813194275,3.49529767036438,-0.5497912168502808,-1.2307008404855002
368,0.719190239906311,3.740295886993408,-0.8529832363128662,-1.5056488655323226
369,0.922192394733429,4.060041904449463,-1.0963613986968994,-1.917417983785187
370,1.1449759006500244,4.455669403076172,-1.267430305480957,-2.5004390905306373
371,1.3910480737686157,4.921445846557617,-1.3572548627853394,-3.298110651284783
372,1.6630696058273315,5.440429210662842,-1.3611643314361572,-4.358930324835324
373,1.9620808362960815,5.980224609375,-1.2805180549621582,-5.727267101637628
374,2.286630868911743,6.491001605987549,-1.1244778633117676,-7.427334251702286
375,2.632098436355591,6.909351825714111,-0.9082742929458618,-9.442816032556365
376,2.99064040184021,7.170840263366699,-0.6466477513313293,-11.702274594720107
377,-2.9310998916625977,7.2288970947265625,-0.34981417655944824,-14.086147925099045
378,-2.5775251388549805,7.0714945793151855,-0.02553718164563179,-13.81704298103611
379,-2.241211175918579,6.726282119750977,0.31826189160346985,-11.644340913654627
380,-1.92868173122406,6.250588893890381,0.6681755185127258,-9.547760931968334
381,-1.6430721282958984,5.712190628051758,1.0002127885818481,-7.627799660446444
382,-1.3844873905181885,5.171694755554199,1.283900499343872,-5.964246752912856
383,-1.150830626487732,4.673135280609131,1.491476058959961,-4.59367250092116
384,-0.9386983513832092,4.242646217346191,1.6042746305465698,-3.510804432116233
385,-0.7441088557243347,3.891789674758911,1.6142280101776123,-2.683764863006516
386,-0.5629929304122925,3.622318983078003,1.5223782062530518,-2.0706184019554725
387,-0.3914649188518524,3.4305601119995117,1.3368343114852905,-1.6308675783347237
388,-0.225923091173172,3.3108365535736084,1.0714030265808105,-1.331266978530449
389,-0.06302721798419952,3.2579174041748047,0.7448352575302124,-1.1477598950388588
390,0.10040352493524551,3.2686147689819336,0.3799450099468231,-1.065519351386037
391,0.26753225922584534,3.3425748348236084,0.0019160350784659386,-1.078465135366903
392,0.44164493680000305,3.482253313064575,-0.36413681507110596,-1.1889867788460837
393,0.6262493133544922,3.692087173461914,-0.6955010890960693,-1.4081427558029296
394,0.8250937461853027,3.9768898487091064,-0.9732527732849121,-1.7562860764247752
395,1.042065978050232,4.339442729949951,-1.1825759410858154,-2.2637436065938217
396,1.2809252738952637,4.777186393737793,-1.3126055002212524,-2.97070085102256
397,1.544826626777649,5.2780280113220215,-1.3566316366195679,-3.9247610999878315
398,1.835615634918213,5.815779685974121,-1.3133373260498047,-5.173972398858611
399,2.1529574394226074,6.346837043762207,-1.188801884651184,-6.75322744042994
400,-1.3711289167404175,-1.2777425050735474,2.0,-1.788244605761952
401,-1.456035852432251,-1.698140025138855,2.0,-2.047257019295216
402,-1.5624511241912842,-2.128305435180664,2.0,-2.412408438575185
403,-1.690615177154541,-2.563279628753662,2.0,-2.8982219588551263
404,-1.8402656316757202,-2.9930100440979004,2.0,-3.519219846442269
405,-2.011308431625366,-3.42085337638855,1.8708817958831787,-4.285888714443236
406,-2.20348858833313,-3.843604803085327,1.6138707399368286,-5.218189406222336
407,-2.4153850078582764,-4.23792839050293,1.3227239847183228,-6.334441138900098
408,-2.6442012786865234,-4.5763258934021,0.997806191444397,-7.63108392434142
409,-2.8857421875,-4.8308186531066895,0.6413423418998718,-9.086487780979471
410,-3.134633779525757,-4.977831840515137,0.25994735956192017,-10.661256643564524
411,2.898390531539917,-5.0032172203063965,-0.13513919711112976,-12.30382827224468
412,2.6530933380126953,-4.905947685241699,-0.5315108299255371,-10.904169220112776
413,2.4181482791900635,-4.698898792266846,-0.9192507266998291,-9.446580939426463
414,2.1978554725646973,-4.405854225158691,-1.2900264263153076,-8.057070338121717
415,1.9950697422027588,-4.0557169914245605,-1.633556604385376,-6.774393142165844
416,1.81124746799469,-3.6764461994171143,-1.9370856285095215,-5.628939638685399
417,1.6481178998947144,-3.26259183883667,-2.0,-4.636243053196413
418,1.5066285133361816,-2.8297877311706543,-2.0,-3.784742987462148
419,1.3868134021759033,-2.3963005542755127,-2.0,-3.074699256485723
420,1.288128137588501,-1.9737051725387573,-2.0,-2.5014771368760806
421,1.209734559059143,-1.5678739547729492,-2.0,-2.0528254479826966
422,1.1507211923599243,-1.1802650690078735,-2.0,-1.7132804041420064
423,1.1102628707885742,-0.809167206287384,-2.0,-1.4674619342797612
424,1.0877257585525513,-0.45074278116226196,-2.0,-1.302158817995848
425,1.082733392715454,-0.09984675794839859,-2.0,-1.207464192555578
426,1.0952003002166748,0.24933673441410065,-2.0,-1.1773085598675719
427,1.1253385543823242,0.6027663946151733,-2.0,-1.2096804455776977
428,1.1736406087875366,0.966040313243866,-2.0,-1.3067196058218935
429,1.2408320903778076,1.3438315391540527,-2.0,-1.4747555939027406
430,1.3277912139892578,1.7391811609268188,-2.0,-1.724252741345611
431,1.4354205131530762,2.1525862216949463,-2.0,-2.0695046095656093
432,1.5644636154174805,2.5808615684509277,-2.0,-2.527794875865333
433,1.7152559757232666,3.0158467292785645,-2.0,-3.117631019412907
434,1.888167142868042,3.4582245349884033,-1.8997762203216553,-3.8552453291197963
435,2.083285093307495,3.9023585319519043,-1.6943973302841187,-4.763977957938293
436,2.299560785293579,4.325516223907471,-1.4494308233261108,-5.8650177862316015
437,2.5344645977020264,4.698073863983154,-1.1716712713241577,-7.160362061391222
438,2.7838127613067627,4.986963748931885,-0.8695700168609619,-8.631456513866741
439,3.0419163703918457,5.162071704864502,-0.5485725402832031,-10.23689536587387
440,-2.9810798168182373,5.203781604766846,-0.20954059064388275,-11.917997509296145
441,-2.725651502609253,5.108567714691162,0.14838039875030518,-11.594793358609795
442,-2.4811432361602783,4.890167713165283,0.5238514542579651,-10.039196740961437
443,-2.2523534297943115,4.575794696807861,0.910192608833313,-8.548273650670378
444,-2.042401075363159,4.1990461349487305,1.2936452627182007,-7.168559009995966
445,-1.8527727127075195,3.792567253112793,1.6552599668502808,-5.937340686857725
446,-1.683620810508728,3.3830370903015137,1.9762846231460571,-4.875029032996954
447,-1.5359853506088257,2.9527101516723633,2.0,-3.9830731305201557
448,-1.4100775718688965,2.518155336380005,2.0,-3.235100687733989
449,-1.3054461479187012,2.092627763748169,2.0,-2.6264294367126872
450,-1.2212785482406616,1.6833521127700806,2.0,-2.146098828626506
451,-1.1566389799118042,1.292791724205017,2.0,-1.7788888263008913
452,-1.110642433166504,0.9199317693710327,2.0,-1.5089448154871175
453,-1.0825732946395874,0.5613834261894226,2.0,-1.3221539993064924
454,-1.07196044921875,0.21225515007972717,2.0,-1.207479940042364
455,-1.078619360923767,-0.13317781686782837,2.0,-1.1576044848965394
456,-1.1026662588119507,-0.4809378981590271,2.0,-1.1691933682724631
457,-1.1445093154907227,-0.8368619084358215,2.0,-1.243003006426012
458,-1.2048135995864868,-1.2060847282409668,2.0,-1.3839354432538638
459,-1.2844339609146118,-1.5924075841903687,2.0,-1.6010398420102214
460,-1.384307861328125,-1.9974766969680786,2.0,-1.907346818117552
461,-1.5052944421768188,-2.4197328090667725,2.0,-2.3192994253238752
462,-1.6479523181915283,-2.853156566619873,2.0,-2.8554220574314275
463,-1.8122507333755493,-3.2859699726104736,2.0,-3.533796974173017
464,-1.9988343715667725,-3.7316720485687256,1.7865098714828491,-4.367204343397337
465,-2.2073419094085693,-4.170151710510254,1.5347340106964111,-5.390231884455435
466,-2.436055898666382,-4.574277400970459,1.246180534362793,-6.612927909094114
467,-2.681689977645874,-4.912681579589844,0.921340823173523,-8.027618499021125
468,-2.9394099712371826,-5.154398441314697,0.5634738802909851,-9.605222632582622
469,3.0800347328186035,-5.274815559387207,0.1811799854040146,-11.296945533790787
470,2.8169617652893066,-5.26145601272583,-0.21237953007221222,-12.269026585125697
471,2.5610790252685547,-5.1176581382751465,-0.6042481064796448,-10.703931178439548
472,2.317964553833008,-4.862288951873779,-0.9849607944488525,-9.179138311026147
473,2.0917165279388428,-4.524960994720459,-1.345866322517395,-7.738956363366206
474,1.8847801685333252,-4.138725280761719,-1.675165057182312,-6.425611234448265
475,1.6981068849563599,-3.7334649562835693,-1.95870840549469,-5.269137480966372
476,1.532886266708374,-3.304413318634033,-2.0,-4.281443297064966
477,1.389389157295227,-2.869941473007202,-2.0,-3.4456551281473162
478,1.2670390605926514,-2.4470021724700928,-2.0,-2.7580587708715663
479,1.1647565364837646,-2.0456509590148926,-2.0,-2.208170052988252
480,1.0812358856201172,-1.6704121828079224,-2.0,-1.7791265875847921
481,1.015148639678955,-1.3217456340789795,-2.0,-1.4520988234219971
482,0.965282678604126,-0.997319757938385,-2.0,-1.2092279063898075
483,0.9306328892707825,-0.692995548248291,-2.0,-1.0352352716141313
484,0.9104565382003784,-0.4035269021987915,-2.0,-0.9181018340920637
485,0.9043047428131104,-0.12303575873374939,-2.0,-0.8492144954930245
486,0.912038266658783,0.15467093884944916,-2.0,-0.8232808533702898
487,0.9338319897651672,0.43587446212768555,-2.0,-0.8382061583094419
488,0.9701692461967468,0.7267445921897888,-2.0,-0.8950408902397163
489,1.021824598312378,1.0331059694290161,-2.0,-0.9980441413039374
490,1.0898298025131226,1.360106110572815,-2.0,-1.1548561825487975
491,1.1754157543182373,1.711719036102295,-2.0,-1.3767179709207504
492,1.279916524887085,2.0900139808654785,-2.0,-1.6786005267142197
493,1.4046233892440796,2.49413800239563,-2.0,-2.079002034625125
494,1.5505740642547607,2.919013261795044,-2.0,-2.5990392743125894
495,1.718708872795105,3.362696886062622,-1.9411076307296753,-3.26011168247988
496,1.909838080406189,3.8225836753845215,-1.7805838584899902,-4.087903813540441
497,2.123814105987549,4.279521942138672,-1.574807047843933,-5.111176203832944
498,2.359102249145508,4.70576286315918,-1.3280150890350342,-6.343781128891115
499,2.6124348640441895,5.066651344299316,-1.0488107204437256,-7.780884336292452
500,2.878726005554199,5.32582426071167,-0.7457324862480164,-9.392467848399168
501,-3.1317899227142334,5.453386306762695,-0.42285066843032837,-11.123683241964532
502,-2.8600821495056152,5.434152603149414,-0.08018966764211655,-12.782056363388499
503,-2.596466064453125,5.2723212242126465,0.2823765277862549,-11.133151830825632
504,-2.346945285797119,4.990415573120117,0.6614088416099548,-9.52181117393415
505,-2.1157989501953125,4.62293004989624,1.0468173027038574,-7.999673439142413
506,-1.9054200649261475,4.207576751708984,1.4210929870605469,-6.615772778646143
507,-1.7165287733078003,3.777827024459839,1.7632191181182861,-5.4041045862897485
508,-1.5489977598190308,3.3506181240081787,2.0,-4.377668485432387
509,-1.4032081365585327,2.91579270362854,2.0,-3.526058380395802
510,-1.278653621673584,2.4910900592803955,2.0,-2.8231778991014638
511,-1.174291968345642,2.087232828140259,2.0,-2.259508200419177
512,-1.0888291597366333,1.7092565298080444,2.0,-1.8186158507398575
513,-1.0209299325942993,1.357984185218811,2.0,-1.4817048313646515
514,-0.9693636298179626,1.0313273668289185,2.0,-1.2307101595835142
515,-0.9330986142158508,0.7253009080886841,2.0,-1.0500294446424436
516,-0.911361038684845,0.4347515106201172,2.0,-0.9272790962368842
517,-0.9036683440208435,0.15385285019874573,2.0,-0.8534797674257979
518,-0.9098466038703918,-0.12356456369161606,2.0,-0.8229835772942143
519,-0.9300355911254883,-0.40378060936927795,2.0,-0.8333476365698304
520,-0.9646849632263184,-0.6929869055747986,2.0,-0.8852701310095467
521,-1.014538049697876,-0.9970609545707703,2.0,-0.9826401672038971
522,-1.0806005001068115,-1.3212499618530273,2.0,-1.1327004425513927
523,-1.1640853881835938,-1.6696969270706177,2.0,-1.3462676138679674
524,-1.266322374343872,-2.044740676879883,2.0,-1.6378834785236602
525,-1.388619065284729,-2.4459340572357178,2.0,-2.0256688168839494
526,-1.5320576429367065,-2.8687710762023926,2.0,-2.5305223845187736
527,-1.697218656539917,-3.3032195568084717,2.0,-3.174185382757953
528,-1.8851343393325806,-3.7583134174346924,1.8269362449645996,-3.9750147707860704
529,-2.095986843109131,-4.217052936553955,1.6016424894332886,-4.968788561077382
530,-2.328611135482788,-4.65248441696167,1.336743712425232,-6.173301763984151
531,-2.5801849365234375,-5.03147554397583,1.0324560403823853,-7.588056931215012
532,-2.846141815185547,-5.31913948059082,0.6908942461013794,-9.189406289600775
533,-3.1204044818878174,-5.485250949859619,0.3193281888961792,-10.929950286625507
534,2.887221574783325,-5.511184215545654,-0.06907511502504349,-12.745726693329788
535,2.6174633502960205,-5.395163059234619,-0.4595448970794678,-11.373575239590728
536,2.3597898483276367,-5.1534743309021,-0.8409914374351501,-9.762600789783633
537,2.118971824645996,-4.816359043121338,-1.2049102783203125,-8.225889186268688
538,1.8979675769805908,-4.420083522796631,-1.5401980876922607,-6.812145266249262
539,1.6980234384536743,-3.998882532119751,-1.8320742845535278,-5.559351364287355
540,1.519532322883606,-3.5698232650756836,-2.0,-4.486389933889869
541,1.3627429008483887,-3.135788917541504,-2.0,-3.5873422326017304
542,1.226910948753357,-2.716639280319214,-2.0,-2.8443852750761254
543,1.1106773614883423,-2.324672222137451,-2.0,-2.2473232363255535
544,1.0123717784881592,-1.9661123752593994,-2.0,-1.7780141185626626
545,0.9302334189414978,-1.6427656412124634,-2.0,-1.415456215106113
546,0.8625597953796387,-1.353472352027893,-2.0,-1.1392020656017983
547,0.8077981472015381,-1.095232367515564,-2.0,-0.9311981340285806
548,0.7645981907844543,-0.8639984726905823,-2.0,-0.7764912779408435
549,0.7318384051322937,-0.6551968455314636,-2.0,-0.6632598065549518
550,0.7086362838745117,-0.4640415906906128,-2.0,-0.5825157322182121
551,0.694351077079773,-0.2857043147087097,-2.0,-0.527698893002519
552,0.6889014840126038,-0.10899346321821213,-1.9573734998703003,-0.49411746151847985
553,0.6923885941505432,0.06974225491285324,-1.9233072996139526,-0.47947224877481026
554,0.7050550580024719,0.2533307671546936,-1.9041264057159424,-0.4835139899288301
555,0.7272912263870239,0.44472256302833557,-1.8996258974075317,-0.5071288929467223
556,0.7596451640129089,0.6470797061920166,-1.9087109565734863,-0.5523734966878614
557,0.8028379082679749,0.8638548851013184,-1.9292867183685303,-0.622654181066397
558,0.8577800989151001,1.0988433361053467,-1.9581291675567627,-0.7230075560989654
559,0.9255889654159546,1.356177568435669,-1.9907610416412354,-0.8604955177045858
560,1.0077601671218872,1.6434242725372314,-2.0,-1.0446367362631948
561,1.1060086488723755,1.9649685621261597,-2.0,-1.289664958614078
562,1.2221084833145142,2.3219974040985107,-2.0,-1.6133652250302501
563,1.3577468395233154,2.712766408920288,-2.0,-2.036716348245345
564,1.514592170715332,3.1369075775146484,-1.9616057872772217,-2.583234475595479
565,1.694172739982605,3.591611385345459,-1.8609052896499634,-3.2814714944044465
566,1.8973842859268188,4.064231872558594,-1.711951494216919,-4.163119317625837
567,2.1240463256835938,4.5332417488098145,-1.514265775680542,-5.2541582790851855
568,2.3724277019500732,4.967624664306641,-1.2731362581253052,-6.568221969078651
569,2.6388838291168213,5.329124450683594,-0.9981259107589722,-8.097138766006253
570,2.917811155319214,5.578546047210693,-0.6980123519897461,-9.804152080247102
571,-3.081115961074829,5.68516206741333,-0.37662795186042786,-11.62578187121025
572,-2.799335241317749,5.635615348815918,-0.03415580838918686,-12.72538380444035
573,-2.5274224281311035,5.438254356384277,0.32876986265182495,-11.012402009115604
574,-2.2713825702667236,5.1207990646362305,0.7074063420295715,-9.345826027369462
575,-2.035264253616333,4.722367763519287,1.089667558670044,-7.782624473619193
576,-1.8210829496383667,4.283624172210693,1.4559366703033447,-6.374495853124335
577,-1.6291263103485107,3.8391337394714355,1.7840529680252075,-5.1544696594284165
578,-1.4588570594787598,3.405383825302124,2.0,-4.131947181462984
579,-1.3101078271865845,2.9749839305877686,2.0,-3.2919278318458525
580,-1.181867003440857,2.564817428588867,2.0,-2.6054355746595683
581,-1.0726314783096313,2.1847105026245117,2.0,-2.0586385055358436
582,-0.9806793928146362,1.839041829109192,2.0,-1.6318343088226333
583,-0.9042620062828064,1.5283482074737549,2.0,-1.3039395358603207
584,-0.841728925704956,1.2506608963012695,2.0,-1.055274554164879
585,-0.7916039228439331,1.0025008916854858,2.0,-0.868922876663949
586,-0.7526258230209351,0.7795621156692505,2.0,-0.7311375204984967
587,-0.723768413066864,0.5771472454071045,2.0,-0.6312172861148998
588,-0.7042474150657654,0.3904206156730652,2.0,-0.5611506247875464
589,-0.6935205459594727,0.21453720331192017,2.0,-0.5152072139075601
590,-0.6912860870361328,0.0446896031498909,2.0,-0.48957334742962555
591,-0.6974807381629944,-0.1238938570022583,2.0,-0.48207611966074876
592,-0.7122795581817627,-0.2959761321544647,2.0,-0.49201435596066573
593,-0.7360966801643372,-0.4763433337211609,2.0,-0.520102344171927
594,-0.7695878148078918,-0.6698225736618042,2.0,-0.568528670803428
595,-0.8136510848999023,-0.8812644481658936,2.0,-0.641131675846405
596,-0.8694241642951965,-1.115462303161621,2.0,-0.7436907578972681
597,-0.9382727146148682,-1.3769710063934326,2.0,-0.8843240052812205
598,-1.0217615365982056,-1.6697765588760376,2.0,-1.0739606326963
599,-1.1215991973876953,-1.9967526197433472,2.0,-1.3268120620793291
600,0.1946461796760559,0.17294980585575104,-0.3917929530143738,-0.03566671607987449
601,0.2073059380054474,0.25319504737854004,-0.4127868711948395,-0.04104869513243024
602,0.22417786717414856,0.3374387323856354,-0.44691434502601624,-0.04958625846494608
603,0.24551193416118622,0.4266812801361084,-0.49434366822242737,-0.06188658604170778
604,0.2716144621372223,0.5220503211021423,-0.5551655888557434,-0.07879001263509183
605,0.3028566241264343,0.6248428225517273,-0.6293232440948486,-0.10142411787623755
606,0.33968544006347656,0.7365770936012268,-0.7165200710296631,-0.13127837949689672
607,0.3826383054256439,0.8590567708015442,-0.8161028623580933,-0.17030681906288622
608,0.43236055970191956,0.9944454431533813,-0.9269179701805115,-0.22106908993578941
609,0.4896280765533447,1.1453499794006348,-1.0471445322036743,-0.2869243493852063
610,0.5553731918334961,1.3149019479751587,-1.1741126775741577,-0.37229685580468863
611,0.6307141780853271,1.5068200826644897,-1.3041218519210815,-0.48303679730628757
612,0.7169853448867798,1.7254223823547363,-1.4322879314422607,-0.6269024849226605
613,0.8157619833946228,1.975534200668335,-1.5524519681930542,-0.8141862270444797
614,0.92887282371521,2.262216091156006,-1.6572033166885376,-1.0584874974427425
615,1.0583828687667847,2.5902016162872314,-1.7380626201629639,-1.377587653849452
616,1.206528902053833,2.9629201889038086,-1.785872459411621,-1.7942780817737929
617,1.3755775690078735,3.380974769592285,-1.7914555072784424,-2.3368108049240366
618,1.5675785541534424,3.840019464492798,-1.7466282844543457,-3.038363506723142
619,1.7839866876602173,4.32816219329834,-1.6456902027130127,-3.934585788642301
620,2.0251574516296387,4.823413372039795,-1.4873926639556885,-5.058119476986156
621,2.2897744178771973,5.29233980178833,-1.276679277420044,-6.429423849806368
622,2.5743653774261475,5.6918230056762695,-1.0239259004592896,-8.045000727521952
623,2.8731529712677,5.9757513999938965,-0.7398908138275146,-9.867589851396287
624,-3.104726552963257,6.106112480163574,-0.43054041266441345,-11.826154431956208
625,-2.8015079498291016,6.0643720626831055,-0.09766815602779388,-13.36779794138652
626,-2.508619785308838,5.857763767242432,0.25709086656570435,-11.526173986456904
627,-2.2327568531036377,5.517260551452637,0.6285448670387268,-9.724908325398147
628,-1.9783521890640259,5.088093280792236,1.003950834274292,-8.03022732110735
629,-1.7474716901779175,4.617609977722168,1.362094521522522,-6.50460203085404
630,-1.5401802062988281,4.145829677581787,1.6785237789154053,-5.188706636362793
631,-1.3551230430603027,3.7011430263519287,1.9331258535385132,-4.09468234751747
632,-1.1909644603729248,3.2831711769104004,2.0,-3.210204381453526
633,-1.0459365844726562,2.900556802749634,2.0,-2.5003176232132853
634,-0.9177120327949524,2.5644919872283936,2.0,-1.9393063939616968
635,-0.8036747574806213,2.280745267868042,2.0,-1.503857288828524
636,-0.7010942697525024,2.051610231399536,2.0,-1.1700729697745178
637,-0.6072194576263428,1.8774954080581665,2.0,-0.9164435994222022
638,-0.5194929242134094,1.754530906677246,1.9761090278625488,-0.725119391360294
639,-0.43644770979881287,1.6609046459197998,1.808381199836731,-0.5809810108156759
640,-0.35677915811538696,1.5933705568313599,1.62111496925354,-0.46897503227469833
641,-0.2793121635913849,1.5493404865264893,1.4178301095962524,-0.38318460932960563
642,-0.2029683142900467,1.52687668800354,1.201145052909851,-0.3195036129535496
643,-0.12673434615135193,1.52467942237854,0.9730813503265381,-0.27527828111013575
644,-0.04963013157248497,1.5420842170715332,0.7353693842887878,-0.24906709146081585
645,0.02932393178343773,1.5790812969207764,0.4897349774837494,-0.24050536607010392
646,0.11114173382520676,1.636355996131897,0.2381647676229477,-0.2502663895224233
647,0.19690918922424316,1.7153489589691162,-0.016854137182235718,-0.2801188688927303
648,0.28782549500465393,1.8183258771896362,-0.2721194922924042,-0.3330894918733787
649,0.38524743914604187,1.948439121246338,-0.5235308408737183,-0.4137484853110194
650,0.4907350242137909,2.1097519397735596,-0.7659450769424438,-0.5286437452058164
651,0.6060937643051147,2.3071749210357666,-0.9930893182754517,-0.686912368242131
652,0.7334058880805969,2.546241283416748,-1.1975661516189575,-0.9010894927539548
653,0.8750360608100891,2.832604169845581,-1.3709925413131714,-1.1880981706684839
654,1.0335919857025146,3.1711180210113525,-1.5043160915374756,-1.570315610382712
655,1.211808681488037,3.5643343925476074,-1.5883567333221436,-2.076434189758333
656,1.4123228788375854,4.010283946990967,-1.6146434545516968,-2.7415353347707567
657,1.6373013257980347,4.499568462371826,-1.5767021179199219,-3.605379532587202
658,1.8879088163375854,5.012152194976807,-1.471944808959961,-4.707533817940856
659,2.1636552810668945,5.514927387237549,-1.3038499355316162,-6.078066738641219
660,2.461760997772217,5.9621148109436035,-1.0825467109680176,-7.724018149513588
661,2.776813507080078,6.301049709320068,-0.8208812475204468,-9.61562261466653
662,3.101015329360962,6.484038829803467,-0.5281116366386414,-11.681294443702656
663,-2.858041763305664,6.482560634613037,-0.20862849056720734,-13.820616146707929
664,-2.5431864261627197,6.297108173370361,0.13450418412685394,-12.370780644958483
665,-2.2453134059906006,5.957459449768066,0.49597659707069397,-10.43340025818286
666,-1.96966552734375,5.512958526611328,0.8636021614074707,-8.5913109367822
667,-1.7187645435333252,5.018020153045654,1.2157632112503052,-6.920331728932551
668,-1.492767572402954,4.51993989944458,1.5259206295013428,-5.474532522625889
669,-1.2901277542114258,4.052795886993408,1.7707993984222412,-4.274476228853922
670,-1.108280062675476,3.6369543075561523,1.9359874725341797,-3.310693228044634
671,-0.9443210959434509,3.2791788578033447,2.0,-2.555028335737461
672,-0.7951332926750183,2.9837560653686523,2.0,-1.9710437618004193
673,-0.6576097011566162,2.7504706382751465,1.943152904510498,-1.5262928305363523
674,-0.5290257930755615,2.5716793537139893,1.80306875705719,-1.1922105426050311
675,-0.406930536031723,2.4419050216674805,1.6078311204910278,-0.9438068439197038
676,-0.28912729024887085,2.356065273284912,1.367118000984192,-0.7637514571908517
677,-0.17362426221370697,2.3100602626800537,1.0903667211532593,-0.6398878353575723
678,-0.05856776982545853,2.3011298179626465,0.7869550585746765,-0.564402470821379
679,0.057835910469293594,2.328073501586914,0.46644356846809387,-0.5331675751898003
680,0.17740435898303986,2.391368865966797,0.13873116672039032,-0.5453569080379362
681,0.30206379294395447,2.4931886196136475,-0.18593157827854156,-0.60337143386507
682,0.4339282810688019,2.6372902393341064,-0.4970296323299408,-0.7130884879758314
683,0.5753645896911621,2.828725814819336,-0.7839096784591675,-0.8844382043131729
684,0.7290286421775818,3.0732812881469727,-1.035919189453125,-1.1322865047598554
685,0.897854208946228,3.3765106201171875,-1.2425850629806519,-1.4775326214207638
686,1.0849635601043701,3.7421865463256836,-1.393916368484497,-1.9481674728780338
687,1.2934633493423462,4.16999626159668,-1.4809404611587524,-2.579735087631794
688,1.5260839462280273,4.652411937713623,-1.4966598749160767,-3.414174038528751
689,1.7846351861953735,5.171025276184082,-1.437680721282959,-4.495492797895881
690,2.069300889968872,5.6933159828186035,-1.3064559698104858,-5.860579847745068
691,2.377899408340454,6.171968460083008,-1.1126471757888794,-7.52462948531071
692,2.7053868770599365,6.549748420715332,-0.8702770471572876,-9.464482504032869
693,3.0439679622650146,6.771621227264404,-0.5911134481430054,-11.609387615898108
694,-2.8991689682006836,6.800967693328857,-0.28195905685424805,-13.851305815611756
695,-2.567549705505371,6.632388114929199,0.05241082236170769,-13.030500100456797
696,-2.2528419494628906,6.294154644012451,0.405964195728302,-10.991333147886795
697,-1.960913896560669,5.838557720184326,0.7664819359779358,-9.037522347768427
698,-1.694636344909668,5.325552463531494,1.111801266670227,-7.255295286119009
699,-1.4542235136032104,4.808257102966309,1.413837194442749,-5.709942316575258
700,-1.2379577159881592,4.325315952301025,1.6471362113952637,-4.429412624721773
701,-1.0429621934890747,3.8999106884002686,1.7950469255447388,-3.4065972068961603
702,-0.8658323287963867,3.542595863342285,1.8510117530822754,-2.612126657901915
703,-0.703068196773529,3.255283832550049,1.8165963888168335,-2.0079643395516436
704,-0.5513249039649963,3.034865617752075,1.698695421218872,-1.556877676671052
705,-0.40752676129341125,2.875962972640991,1.507348895072937,-1.2272721260374142
706,-0.26888522505760193,2.7728304862976074,1.2545151710510254,-0.9947681203938278
707,-0.1328546553850174,2.720611333847046,0.9535924196243286,-0.8420674387074469
708,0.002952244598418474,2.7161383628845215,0.6192535758018494,-0.7582064890689639
709,0.1408715844154358,2.7583866119384766,0.2671898901462555,-0.7378208189149722
710,0.2833026647567749,2.8486216068267822,-0.0864228680729866,-0.7807219649493808
711,0.4328140616416931,2.990227699279785,-0.4256480038166046,-0.8919061445647055
712,0.5922235250473022,3.1881895065307617,-0.7354471683502197,-1.0820150702188136
713,0.7646313905715942,3.4481568336486816,-1.0021003484725952,-1.3681881470512842
714,0.9533795714378357,3.7749643325805664,-1.213411569595337,-1.77511202957541
715,1.1619011163711548,4.170432090759277,-1.3588945865631104,-2.3358147448457847
716,1.393416404724121,4.63030481338501,-1.4302269220352173,-3.091310158959913
717,1.650437593460083,5.140422821044922,-1.422329068183899,-4.087604793356522
718,1.934077501296997,5.672797679901123,-1.3353025913238525,-5.368122127027807
719,2.2432453632354736,6.183356285095215,-1.1764819622039795,-6.9601033967433175
720,2.573965549468994,6.614405632019043,-0.959602952003479,-8.856460097470423
721,2.9192020893096924,6.904731273651123,-0.6988943219184875,-11.000823240277061
722,-3.0136706829071045,7.006251811981201,-0.4039512276649475,-13.289435957113614
723,-2.6686549186706543,6.900313377380371,-0.08114650100469589,-13.99097324642144
724,-2.338404417037964,6.605010509490967,0.2632816433906555,-11.883220650812849
725,-2.0299558639526367,6.168972492218018,0.6189917325973511,-9.8311344959256
726,-1.7472059726715088,5.654996395111084,0.9659774899482727,-7.927275675458808
727,-1.4910656213760376,5.122806549072266,1.27601957321167,-6.252255351060657
728,-1.2601511478424072,4.618289470672607,1.5209863185882568,-4.849904734615342
729,-1.0516250133514404,4.1705217361450195,1.6803522109985352,-3.723664201782227
730,-0.8619269132614136,3.7939629554748535,1.7439368963241577,-2.8482818367880762
731,-0.6872949600219727,3.4926388263702393,1.7107547521591187,-2.18526010221112
732,-0.5240802764892578,3.264294147491455,1.586500883102417,-1.694743932250332
733,-0.36889514327049255,3.1037023067474365,1.381431221961975,-1.3421301201375575
734,-0.21864284574985504,3.0050461292266846,1.109157681465149,-1.100610730394397
735,-0.07046612352132797,2.963534355163574,0.7860897779464722,-0.9514527849863487
736,0.07835514098405838,2.9764254093170166,0.4309382438659668,-0.8834047483236617
737,0.23053161799907684,3.043529510498047,0.06381409615278244,-0.8920543587225169
738,0.3888919949531555,3.167207717895508,-0.29510489106178284,-0.979539113781935
739,0.5564846992492676,3.351853132247925,-0.6269307136535645,-1.1547504918485518
740,0.7366264462471008,3.6028356552124023,-0.914985716342926,-1.4340043487813372
741,0.9328678250312805,3.9248290061950684,-1.1451630592346191,-1.8419723852508674
742,1.1488368511199951,4.3193793296813965,-1.3059866428375244,-2.4123762921394585
743,1.3879162073135376,4.781586647033691,-1.3888288736343384,-3.1874587283025546
744,1.6527167558670044,5.296010494232178,-1.3887954950332642,-4.214597344682349
745,1.9443446397781372,5.832558631896973,-1.3065792322158813,-5.537952541143623
746,2.2615602016448975,6.3443121910095215,-1.1503978967666626,-7.183673815083369
747,2.600090503692627,6.77060604095459,-0.9347644448280334,-9.140558541954274
748,2.9525058269500732,7.048306465148926,-0.6742385029792786,-11.34503597072943
749,-2.9741973876953125,7.129642486572266,-0.3787757158279419,-13.685297094949522
750,-2.6242544651031494,6.9988555908203125,-0.055500760674476624,-13.929032514147071
751,-2.290323495864868,6.678618431091309,0.2884727120399475,-11.785192671519589
752,-1.9792231321334839,6.222010135650635,0.6413189172744751,-9.706388022730334
753,-1.6944921016693115,5.694619178771973,0.9810186624526978,-7.789627432196198
754,-1.4366447925567627,5.156948089599609,1.2780876159667969,-6.115805709137086
755,-1.2039339542388916,4.6542158126831055,1.5044276714324951,-4.7256226760090705
756,-0.9932251572608948,4.214175701141357,1.6403385400772095,-3.618320292917807
757,-0.8007305860519409,3.8498919010162354,1.6766196489334106,-2.7652348829816464
758,-0.6225183606147766,3.5642430782318115,1.6132124662399292,-2.125938729024079
759,-0.4548078179359436,3.3542110919952393,1.456892967224121,-1.660034638959453
760,-0.29409462213516235,3.214264392852783,1.2195415496826172,-1.3334106829950643
761,-0.13715505599975586,3.13879132270813,0.9172264337539673,-1.120482529715356
762,0.019031811505556107,3.123737335205078,0.5695945024490356,-1.004337087388744
763,0.1774095743894577,3.167555093765259,0.19886839389801025,-0.9761752701568577
764,0.34098419547080994,3.2714924812316895,-0.171837717294693,-1.0348442519059349
765,0.5129448771476746,3.439213514328003,-0.5204921960830688,-1.1868075130651317
766,0.6967328786849976,3.6757593154907227,-0.8276812434196472,-1.4466165459876352
767,0.8960240483283997,3.9858238697052,-1.0773074626922607,-1.8377178184444691
768,1.114586591720581,4.371251106262207,-1.2566475868225098,-2.393117453606479
769,1.3559679985046387,4.827628135681152,-1.356355905532837,-3.1549264344212657
770,1.622971534729004,5.340070724487305,-1.3710802793502808,-4.171128425923195
771,1.9169166088104248,5.878902435302734,-1.3011192083358765,-5.48736498021633
772,2.236774444580078,6.397157192230225,-1.1543805599212646,-7.132051654883973
773,2.5784385204315186,6.833280563354492,-0.9454429149627686,-9.096415923601452
774,2.9345507621765137,7.122245788574219,-0.6894589066505432,-11.318192945999611
775,-2.9879462718963623,7.213762283325195,-0.39716362953186035,-13.684384800128203
776,-2.633455276489258,7.0898213386535645,-0.0763634666800499,-14.13166575522362
777,-2.2948544025421143,6.7720160484313965,0.2653977870941162,-11.96171400732576
778,-1.9791626930236816,6.313837051391602,0.6161764860153198,-9.85275720148246
779,-1.6900454759597778,5.782342910766602,0.9537845849990845,-7.904448047837907
780,-1.4280550479888916,5.239809989929199,1.2483149766921997,-6.201361126305155
781,-1.1914074420928955,4.7329511642456055,1.471108078956604,-4.78706615945848
782,-0.9768824577331543,4.290499687194824,1.601889967918396,-3.6621006024607725
783,-0.7805818319320679,3.926011800765991,1.6309877634048462,-2.7977983491902556
784,-0.598456084728241,3.642515182495117,1.5581175088882446,-2.1530926320859143
785,-0.4266071617603302,3.436979293823242,1.3902620077133179,-1.6868741730919492
786,-0.2614138722419739,3.3038651943206787,1.1401159763336182,-1.36457615802761
787,-0.09952913224697113,3.2376949787139893,0.8252536654472351,-1.1605707345823797
788,0.06220927834510803,3.2347681522369385,0.46737682819366455,-1.058391306420488
789,0.22691409289836884,3.2940964698791504,0.09089233726263046,-1.0502507980707354
790,0.39779186248779297,3.4175546169281006,-0.2793067991733551,-1.13667513249753
791,0.5782545804977417,3.6092541217803955,-0.6201822757720947,-1.3265909538440956
792,0.7719624638557434,3.8741586208343506,-0.9121300578117371,-1.6378819012389698
793,0.9827588200569153,4.215926647186279,-1.1395050287246704,-2.098135009094155
794,1.2144533395767212,4.633891582489014,-1.2905200719833374,-2.744884177985389
795,1.4704095125198364,5.11912202835083,-1.3573062419891357,-3.624034351047624
796,1.7529040575027466,5.649892330169678,-1.336863398551941,-4.784432302022317
797,2.062293529510498,6.187787055969238,-1.2330073118209839,-6.2663212026495
798,2.3961517810821533,6.6771650314331055,-1.057453989982605,-8.083043563071115
799,2.7487406730651855,7.051776885986328,-0.8262375593185425,-10.200679177408851
800,0.8889599442481995,0.3985730707645416,-2.0,-0.7610991652865149
801,0.922421932220459,0.669239342212677,-2.0,-0.8101358398361421
802,0.970176100730896,0.9550832509994507,-2.0,-0.8996503242589908
803,1.0332484245300293,1.2614474296569824,-2.0,-1.0364600292078607
804,1.1128878593444824,1.5927879810333252,-2.0,-1.230727317398497
805,1.2104911804199219,1.9520676136016846,-2.0,-1.4962167414493441
806,1.3274848461151123,2.3398728370666504,-2.0,-1.8503458357883038
807,1.4651460647583008,2.7532236576080322,-2.0,-2.313716551440231
808,1.624462604522705,3.1863298416137695,-1.9853041172027588,-2.9086184994606032
809,1.8065989017486572,3.642726421356201,-1.8503026962280273,-3.6575720250336925
810,2.0119495391845703,4.107011318206787,-1.6691701412200928,-4.593531104982243
811,2.2397048473358154,4.555108547210693,-1.4435592889785767,-5.736778541344466
812,2.4874370098114014,4.954644203186035,-1.1804739236831665,-7.092572604070371
813,2.750861167907715,5.268484592437744,-0.8893283605575562,-8.64298379546906
814,3.023956775665283,5.461911678314209,-0.5767229199409485,-10.34326330061071
815,-2.983651876449585,5.511531829833984,-0.24428676068782806,-12.127622706176764
816,-2.7130420207977295,5.412197113037109,0.10846609622240067,-11.939888323917609
817,-2.4541029930114746,5.178780555725098,0.4801003038883209,-10.290015188797032
818,-2.2120065689086914,4.841926574707031,0.8638395667076111,-8.705344593046021
819,-1.9900214672088623,4.439704418182373,1.2452439069747925,-7.238949108062063
820,-1.7895746231079102,4.008937358856201,1.6039046049118042,-5.933855183711332
821,-1.6106065511703491,3.579360246658325,1.9193514585494995,-4.813419003372378
822,-1.4533593654632568,3.14494252204895,2.0,-3.879235373865887
823,-1.317609190940857,2.7150051593780518,2.0,-3.105319957511937
824,-1.2024372816085815,2.3034377098083496,2.0,-2.477219166129066
825,-1.1065502166748047,1.9177417755126953,2.0,-1.9804379113359758
826,-1.0285234451293945,1.5605345964431763,2.0,-1.5962266979514657
827,-0.9669744968414307,1.230979323387146,2.0,-1.3053873622181316
828,-0.920677125453949,0.9259481430053711,2.0,-1.090570691492076
829,-0.8886330723762512,0.6408795714378357,2.0,-0.9373843138529586
830,-0.8701148629188538,0.3703647255897522,2.0,-0.8347414850107563
831,-0.8646884560585022,0.1085285022854805,2.0,-0.7748169141548682
832,-0.8722248673439026,-0.15072795748710632,2.0,-0.7528639749928246
833,-0.8929030299186707,-0.4135628044605255,2.0,-0.7670480934852996
834,-0.9272055625915527,-0.6860511302947998,2.0,-0.8183791823332212
835,-0.9759061336517334,-0.9740115404129028,2.0,-0.91077674991724
836,-1.0400434732437134,-1.2827459573745728,2.0,-1.0512626297040786
837,-1.1208748817443848,-1.6166292428970337,2.0,-1.2502340486540313
838,-1.2197990417480469,-1.978482961654663,2.0,-1.5217095163507295
839,-1.3382325172424316,-2.3686702251434326,2.0,-1.8833491639472062
840,-1.4774266481399536,-2.7838830947875977,2.0,-2.3559261969072858
841,-1.6382107734680176,-3.215681552886963,2.0,-2.9617901323192797
842,-1.8216180801391602,-3.668145179748535,1.8724454641342163,-3.721301383282637
843,-2.0281662940979004,-4.130964756011963,1.6612088680267334,-4.666580796691315
844,-2.2571146488189697,-4.578967571258545,1.4096789360046387,-5.821932696369616
845,-2.5061070919036865,-4.979846954345703,1.1180343627929688,-7.1925108901305945
846,-2.7710063457489014,-5.297985076904297,0.7875651121139526,-8.761079941747484
847,-3.046035051345825,-5.500575542449951,0.4239889681339264,-10.48551966717032
848,2.9589099884033203,-5.564807891845703,0.0393039844930172,-12.303964118391304
849,2.684711456298828,-5.483968734741211,-0.35124677419662476,-11.851979975514844
850,2.4212114810943604,-5.270001411437988,-0.7351919412612915,-10.215607474990147
851,2.173675775527954,-4.950711250305176,-1.1037887334823608,-8.640774341400961
852,1.9455593824386597,-4.5623273849487305,-1.4469350576400757,-7.177914394299904
853,1.7385144233703613,-4.140899181365967,-1.7503899335861206,-5.869748540722211
854,1.5527102947235107,-3.716082811355591,-1.9991363286972046,-4.741133654290086
855,1.3886501789093018,-3.281203031539917,-2.0,-3.7958365697420033
856,1.245732069015503,-2.8583619594573975,-2.0,-3.008978689904182
857,1.1226394176483154,-2.4618537425994873,-2.0,-2.3728717698912165
858,1.017667531967163,-2.0994369983673096,-2.0,-1.8703916313014703
859,0.92896568775177,-1.7740366458892822,-2.0,-1.48041083481072
860,0.8547006845474243,-1.4853007793426514,-2.0,-1.1816978902617903
861,0.7931588888168335,-1.2308355569839478,-2.0,-0.9551250795782577
862,0.7428041696548462,-1.0070942640304565,-2.0,-0.7845966518022172
863,0.7023055553436279,-0.8099725842475891,-2.0,-0.657181953173715
864,0.67055743932724,-0.6349623203277588,-1.9985637664794922,-0.5628329154301069
865,0.6472341418266296,-0.46646592020988464,-1.92166268825531,-0.4936577892408405
866,0.6321458220481873,-0.30176684260368347,-1.8566192388534546,-0.4441181265036569
867,0.6252309083938599,-0.13829772174358368,-1.8055044412612915,-0.4119744924738847
868,0.6265527606010437,0.026436209678649902,-1.7696679830551147,-0.3959580568457393
869,0.6362996697425842,0.19493870437145233,-1.749793291091919,-0.39569999076212864
870,0.6547901034355164,0.36980894207954407,-1.745892882347107,-0.41172551884229985
871,0.6824816465377808,0.5538306832313538,-1.7572530508041382,-0.4455138962030219
872,0.7199846506118774,0.7500603795051575,-1.7823336124420166,-0.4996307533127704
873,0.768079936504364,0.961904764175415,-1.8186322450637817,-0.577944397531783
874,0.8277384042739868,1.193169355392456,-1.8625379800796509,-0.6859418691804955
875,0.9001405835151672,1.4480448961257935,-1.9092051982879639,-0.8311611946463677
876,0.9866896867752075,1.7309815883636475,-1.9524856805801392,-1.0237487490208999
877,1.0890085697174072,2.0463762283325195,-1.9849741458892822,-1.2771264144239083
878,1.2089073657989502,2.3979761600494385,-1.9982223510742188,-1.6086979769674803
879,1.3483020067214966,2.787893295288086,-1.9831794500350952,-2.0404189317340546
880,1.5090587139129639,3.215135097503662,-1.9309355020523071,-2.598881588708395
881,1.6927416324615479,3.6736578941345215,-1.8338464498519897,-3.314330683512111
882,1.9002482891082764,4.1501336097717285,-1.6871083974838257,-4.217796820038544
883,2.1313488483428955,4.622011661529541,-1.4906208515167236,-5.3355263520861325
884,2.3841991424560547,5.057004451751709,-1.2501616477966309,-6.6805104008683545
885,2.654980421066284,5.415626525878906,-0.9756298065185547,-8.242686505659275
886,2.9378790855407715,5.6579742431640625,-0.6757563948631287,-9.982279162265291
887,-3.057629108428955,5.753542423248291,-0.35418596863746643,-11.832526777068912
888,-2.773117780685425,5.6902265548706055,-0.011165258474647999,-12.659420325146062
889,-2.4992010593414307,5.478334426879883,0.3523324131965637,-10.9281739054616
890,-2.241819381713867,5.147631645202637,0.7309626340866089,-9.247754754798331
891,-2.0048816204071045,4.738754749298096,1.1117662191390991,-7.67680125677055
892,-1.7902278900146484,4.293075084686279,1.4743502140045166,-6.2673038208671015
893,-1.5979706048965454,3.8451459407806396,1.7963109016418457,-5.051191806132358
894,-1.4274497032165527,3.410417318344116,2.0,-4.036024655597165
895,-1.2783019542694092,2.9829556941986084,2.0,-3.204707272115302
896,-1.1493432521820068,2.5791730880737305,2.0,-2.5278583510904373
897,-1.0389188528060913,2.208488702774048,2.0,-1.990203310848248
898,-0.9451676607131958,1.8750243186950684,2.0,-1.5710946418679779
899,-0.8662057518959045,1.5792369842529297,2.0,-1.2489134670411044
900,-0.8002429008483887,1.3192574977874756,2.0,-1.0037113803937991
901,-0.7456490993499756,1.0918763875961304,2.0,-0.8184327337803441
902,-0.700988233089447,0.8932164907455444,2.0,-0.6792119610742164
903,-0.6650301814079285,0.7191611528396606,2.0,-0.5751681144670888
904,-0.6367499232292175,0.5656052231788635,2.0,-0.4979844500029567
905,-0.6153206825256348,0.4285849332809448,2.0,-0.4414414162599628
906,-0.6001042723655701,0.30432793498039246,2.0,-0.40098806191014275
907,-0.5906416773796082,0.18925245106220245,2.0,-0.37338671666151396
908,-0.5866448879241943,0.07993528246879578,2.0,-0.3564392370512737
909,-0.5879918336868286,-0.026938680559396744,2.0,-0.3487912163143831
910,-0.5947237014770508,-0.1346367448568344,2.0,-0.34980697878632205
911,-0.6070458292961121,-0.24644246697425842,2.0,-0.3595089632176282
912,-0.6253317594528198,-0.3657184839248657,2.0,-0.37857799919721724
913,-0.6501298546791077,-0.4959626793861389,2.0,-0.4084147740997943
914,-0.682172417640686,-0.6408506631851196,2.0,-0.4512667402895169
915,-0.722385048866272,-0.8042540550231934,2.0,-0.5104281417633625
916,-0.7718960046768188,-0.9902183413505554,2.0,-0.5905226867626225
917,-0.8320398926734924,-1.2028772830963135,2.0,-0.6978766951630387
918,-0.9043532609939575,-1.4462676048278809,2.0,-0.8409817357436492
919,-0.990553081035614,-1.7239962816238403,2.0,-1.0310237976991279
920,-1.0924880504608154,-2.038698434829712,2.0,-1.2824117134910162
921,-1.2120486497879028,-2.3912129402160645,2.0,-1.6131591026281664
922,-1.3510196208953857,-2.7794206142425537,2.0,-2.044851773294332
923,-1.5108567476272583,-3.1967411041259766,2.0,-2.60177209679144
924,-1.6931806802749634,-3.6464781761169434,1.8929530382156372,-3.3081867144404145
925,-1.8991092443466187,-4.118571758270264,1.716060757637024,-4.199485896320741
926,-2.1286091804504395,-4.590001106262207,1.495416283607483,-5.305115301197423
927,-2.3800530433654785,-5.028876781463623,1.231396198272705,-6.639304798931342
928,-2.649921417236328,-5.397366046905518,0.924583911895752,-8.194467584865446
929,-2.932797908782959,-5.657532215118408,0.5788456797599792,-9.935574274872245
930,3.061427354812622,-5.77919864654541,0.2045673429965973,-11.80211330435627
931,2.774043560028076,-5.747673988342285,-0.18222586810588837,-12.712284451147365
932,2.4956183433532715,-5.56850528717041,-0.5662544369697571,-10.999214665740382
933,2.232285976409912,-5.266648292541504,-0.9373053312301636,-9.329814854122727
934,1.9883058071136475,-4.879603862762451,-1.2861851453781128,-7.758513331927157
935,1.7659229040145874,-4.447657585144043,-1.5994579792022705,-6.336971373409309
936,1.5656366348266602,-4.00572395324707,-1.8607895374298096,-5.100112107369279
937,1.3870999813079834,-3.5707340240478516,-2.0,-4.059800820835262
938,1.2296949625015259,-3.1481001377105713,-2.0,-3.203060455889281
939,1.091922640800476,-2.755445957183838,-2.0,-2.507203196778992
940,0.9717665314674377,-2.403122663497925,-2.0,-1.955543335137633
941,0.866961658000946,-2.0960986614227295,-2.0,-1.5258301014910756
942,0.7751736640930176,-1.8357595205307007,-2.0,-1.1949854055459896
943,0.694104790687561,-1.6213769912719727,-2.0,-0.9418954759043414
944,0.6223186254501343,-1.4357240200042725,-1.8968315124511719,-0.7482657783719633
945,0.5587924122810364,-1.2705233097076416,-1.75497305393219,-0.5964907030558725
946,0.5026698112487793,-1.1224520206451416,-1.6106553077697754,-0.4762661324055958
947,0.453238308429718,-0.9886303544044495,-1.4685131311416626,-0.3808233394213085
948,0.4099087417125702,-0.86659175157547,-1.332017421722412,-0.30493823844480145
949,0.3721971809864044,-0.7542309165000916,-1.2037032842636108,-0.24457219581325462
950,0.33970990777015686,-0.6497454643249512,-1.0853794813156128,-0.19659521962758558
951,0.3121308982372284,-0.5515801906585693,-0.9783114790916443,-0.1585768360487438
952,0.28921210765838623,-0.4583762288093567,-0.883367657661438,-0.12863011011111344
953,0.2707657217979431,-0.3689270615577698,-0.8011382222175598,-0.10529633111317555
954,0.2566587030887604,-0.2821407616138458,-0.7320244908332825,-0.08746066205548568
955,0.24680833518505096,-0.197007417678833,-0.6763098835945129,-0.07429142378907605
956,0.24117977917194366,-0.11257074773311615,-0.634209156036377,-0.06519776399755751
957,0.23978465795516968,-0.027902871370315552,-0.6059048175811768,-0.05980202926287029
958,0.2426806390285492,0.0579196959733963,-0.5915673971176147,-0.05792448578423146
959,0.2499726265668869,0.1458398401737213,-0.5913629531860352,-0.059579068153868125
960,0.2618148624897003,0.23684532940387726,-0.6054462194442749,-0.06497980387816238
961,0.2784147560596466,0.3319975435733795,-0.6339386105537415,-0.07455848579449456
962,0.30003803968429565,0.432465523481369,-0.6768892407417297,-0.08899519801120896
963,0.3270164132118225,0.5395675301551819,-0.7342137098312378,-0.10926454021398416
964,0.3597574830055237,0.6548217535018921,-0.8056117296218872,-0.13670206225737988
965,0.3987579047679901,0.7800078392028809,-0.8904577493667603,-0.17309752951393534
966,0.44461989402770996,0.9172393679618835,-0.9876653552055359,-0.22082456307900297
967,0.4980721175670624,1.0690449476242065,-1.0955249071121216,-0.2830198128317332
968,0.559994637966156,1.2384498119354248,-1.2115254402160645,-0.36382934636803427
969,0.6314467191696167,1.4290428161621094,-1.332169532775879,-0.4687444138777225
970,0.7136967778205872,1.6450012922286987,-1.4528111219406128,-0.6050519929841172
971,0.8082480430603027,1.8910244703292847,-1.5675466060638428,-0.782423280412387
972,0.9168533086776733,2.172105550765991,-1.6692091226577759,-1.0136485075382664
973,1.0415053367614746,2.4930419921875,-1.7495111227035522,-1.3154850160279707
974,1.184383511543274,2.857560634613037,-1.7993865013122559,-1.7094971484416441
975,1.3477298021316528,3.2669284343719482,-1.8095884323120117,-2.222603950642143
976,1.5336285829544067,3.7179746627807617,-1.771620750427246,-2.8867965390621633
977,1.7436585426330566,4.200599193572998,-1.6791200637817383,-3.737169693090521
978,1.9784177541732788,4.695184230804443,-1.5297387838363647,-4.807188482556968
979,2.2369630336761475,5.170907020568848,-1.3270410299301147,-6.120373302916238
980,2.5162975788116455,5.586688995361328,-1.080480694770813,-7.678999040897306
981,2.8111343383789062,5.896738052368164,-0.8011561632156372,-9.453504528217067
982,3.114175319671631,6.060817241668701,-0.49607235193252563,-11.379874713498594
983,-2.866217613220215,6.055848598480225,-0.167453795671463,-13.371466446719879
984,-2.5720417499542236,5.883515357971191,0.18346278369426727,-11.88256691103824
985,-2.2935385704040527,5.570062637329102,0.5526583194732666,-10.077279997740492
986,-2.035627603530884,5.158220291137695,0.9293581247329712,-8.363743199793097
987,-1.8008619546890259,4.695313930511475,1.2940527200698853,-6.806178251002068
988,-1.5897092819213867,4.2230544090271,1.6224972009658813,-5.450333511261112
989,-1.401100516319275,3.772174835205078,1.8932583332061768,-4.314178903493955
990,-1.2337138652801514,3.3477323055267334,2.0,-3.3900128805177046
991,-1.08600914478302,2.9540953636169434,2.0,-2.646781047356942
992,-0.9558197855949402,2.6037864685058594,2.0,-2.0560837355912422
993,-0.8406473398208618,2.303447961807251,2.0,-1.595561827151292
994,-0.7378565073013306,2.0558178424835205,2.0,-1.2412752859895906
995,-0.6447874307632446,1.8613808155059814,2.0,-0.9710708916661936
996,-0.5588061809539795,1.7196247577667236,2.0,-0.7662247001437019
997,-0.4779961407184601,1.6162015199661255,1.9083659648895264,-0.611617181937417
998,-0.4010676443576813,1.5385698080062866,1.7364600896835327,-0.4927063277947975
999,-0.32686707377433777,1.4840118885040283,1.5492477416992188,-0.3999751515668299
